[
  {
   "values":[
     16,
     84,
     52,
     23,
     24,
     21,
     11
     ],
  "key":50
  },
  {
   "values":[
     38,
     41,
     55,
     90,
     95,
     104,
     46
     ],
  "key":60
  },
  {
   "values":[
     61,
     102,
     73,
     155,
     231,
     271,
     111
     ],
  "key":70
  },
  {
   "values":[
     232,
     249,
     142,
     236,
     333,
     413,
     279
     ],
  "key":80
  },
  {
   "values":[
     307,
     209,
     191,
     357,
     304,
     322,
     235
     ],
  "key":90
  },
  {
   "values":[
     262,
     194,
     229,
     312,
     415,
     249,
     342
     ],
  "key":100
  },
  {
   "values":[
     333,
     223,
     282,
     285,
     306,
     262,
     218
     ],
  "key":110
  },
  {
   "values":[
     272,
     174,
     279,
     196,
     242,
     234,
     222
     ],
  "key":120
  },
  {
   "values":[
     210,
     210,
     239,
     143,
     158,
     155,
     281
     ],
  "key":130
  },
  {
   "values":[
     205,
     188,
     194,
     84,
     126,
     97,
     194
     ],
  "key":140
  },
  {
   "values":[
     108,
     146,
     192,
     94,
     102,
     89,
     153
     ],
  "key":150
  },
  {
   "values":[
     111,
     83,
     107,
     152,
     100,
     72,
     113
     ],
  "key":160
  },
  {
   "values":[
     82,
     62,
     78,
     72,
     47,
     55,
     90
     ],
  "key":170
  },
  {
   "values":[
     56,
     56,
     78,
     71,
     27,
     52,
     80
     ],
  "key":180
  },
  {
   "values":[
     34,
     48,
     51,
     77,
     22,
     46,
     65
     ],
  "key":190
  },
  {
   "values":[
     25,
     46,
     32,
     37,
     21,
     32,
     62
     ],
  "key":200
  },
  {
   "values":[
     11,
     64,
     15,
     28,
     19,
     22,
     55
     ],
  "key":210
  },
  {
   "values":[
     8,
     40,
     9,
     15,
     17,
     5,
     40
     ],
  "key":220
  },
  {
   "values":[
     5,
     24,
     4,
     22,
     32,
     6,
     30
     ],
  "key":230
  },
  {
   "values":[
     6,
     6,
     0,
     10,
     17,
     3,
     14
     ],
  "key":240
  },
  {
   "values":[
     10,
     5,
     0,
     17,
     0,
     6,
     18
     ],
  "key":250
  },
  {
   "values":[
     10,
     6,
     0,
     6,
     0,
     4,
     5
     ],
  "key":260
  },
  {
   "values":[
     11,
     0,
     0,
     5,
     0,
     4,
     2
     ],
  "key":270
  },
  {
   "values":[
     3,
     0,
     0,
     4,
     0,
     2,
     2
     ],
  "key":280
  },
  {
   "values":[
     3,
     0,
     0,
     9,
     0,
     5,
     3
     ],
  "key":290
  },
  {
   "values":[
     1,
     0,
     0,
     12,
     0,
     10,
     5
     ],
  "key":300
  },
  {
   "values":[
     0,
     0,
     0,
     11,
     0,
     5,
     3
     ],
  "key":310
  },
  {
   "values":[
     0,
     0,
     0,
     10,
     0,
     0,
     0
     ],
  "key":320
  },
  {
   "values":[
     0,
     0,
     0,
     5,
     0,
     0,
     0
     ],
  "key":330
  },
  {
   "values":[
     0,
     0,
     0,
     0,
     0,
     0,
     0
     ],
  "key":340
  },
  {
   "values":[
     0,
     0,
     0,
     0,
     0,
     0,
     0
     ],
  "key":350
  },
  {
   "values":[
     0,
     0,
     0,
     0,
     0,
     0,
     0
     ],
  "key":360
  },
  {
   "values":[
     0,
     0,
     0,
     0,
     0,
     0,
     0
     ],
  "key":370
  },
  {
   "values":[
     0,
     0,
     0,
     0,
     0,
     0,
     0
     ],
  "key":380
  },
  {
   "values":[
     0,
     0,
     0,
     0,
     0,
     0,
     0
     ],
  "key":390
  },
  {
   "values":[
     0,
     0,
     0,
     0,
     0,
     0,
     0
     ],
  "key":400
  },
  {
   "values":[
     0,
     0,
     0,
     0,
     0,
     0,
     0
     ],
  "key":410
  }]