Source,Target
MianzhenZ,PoloChau
rborelav,PoloChau
cs_hanes,PoloChau
CheapeOne,PoloChau
Syuizen,PoloChau
YunheSong,PoloChau
rogerxu93,PoloChau
_BigSimone_,PoloChau
MrRaymondsi,PoloChau
JunejaNikita,PoloChau
TheGamesPlace14,MianzhenZ
OdysseyMatrix,MianzhenZ
BohanRob,MianzhenZ
Clutchy_Munchy,MianzhenZ
MauriceRevell_,MianzhenZ
LazarusReborn,MianzhenZ
Foxxhunt81,MianzhenZ
RockOutKidBrand,MianzhenZ
tylerrelief,MianzhenZ
NannieTrojan,MianzhenZ
alispagnola,cs_hanes
danmikita,cs_hanes
walter_roth,cs_hanes
funlocity,cs_hanes
maluberian,cs_hanes
BiancaGrace33,cs_hanes
WhiteTire67,cs_hanes
aj_409,cs_hanes
jetsetesl,cs_hanes
mhoogerland,cs_hanes
edwinchoate,CheapeOne
BrandonJess11,CheapeOne
stylianoskr,CheapeOne
jhonnik1,CheapeOne
Synthetic143,CheapeOne
clen_171,CheapeOne
greenzz98,CheapeOne
Kinnder_Beauty,CheapeOne
datphoenixbrown,CheapeOne
WordgoSC,CheapeOne
Ranchy_NJU,Syuizen
NateHazy,Syuizen
Ranchy_NJU,YunheSong
underdogio,YunheSong
MyOwnOutCome,YunheSong
amandagraceful,YunheSong
Beer_Witt,YunheSong
cilegonmen,YunheSong
Campbellshaw,YunheSong
William_Hdez,YunheSong
lkkanth,YunheSong
alex_elvis_d,YunheSong
Ranchy_NJU,rogerxu93
barryslibert,rogerxu93
btc_update,rogerxu93
Onebitcoin1,rogerxu93
BullBearAnalyst,rogerxu93
sschuermann,rogerxu93
Ranchy_NJU,_BigSimone_
fact143,_BigSimone_
The1ChosenOne,_BigSimone_
Ranchy_NJU,MrRaymondsi
gmwtaxpmw,MrRaymondsi
monsto1111,MrRaymondsi
faloppad,JunejaNikita
Me_Shayrana,JunejaNikita
poeter_herry,JunejaNikita
Secret_Jacket,JunejaNikita
deannetran18141,JunejaNikita
